
insert into User (id,username, password,f_Name,l_Name,email,role,is_enabled) values(10001l, 'testname', 'password', 'Johnny', 'Test', 'johnnytest@gmail.com','USER',true)
insert into User (id,username, password,f_Name,l_Name,email,role,is_enabled) values(10002l, 'Ismael1', 'password', 'Ismael', 'Test', 'Ismael1@gmail.com','USER',true)
insert into User (id,username, password,f_Name,l_Name,email,role,is_enabled) values(10003l, 'Muhammed1', 'password', 'Muhammed', 'Test', 'Muhammed1@gmail.com','USER',true)
insert into User (id,username, password,f_Name,l_Name,email,role,is_enabled) values(10004l, 'Brian1', 'password', 'Brian', 'Test', 'Brian@gmail.com','USER',true)
INSERT INTO User (id,username, password,f_Name,l_Name,email,role,is_enabled) VALUES(10005l,'iCorrea','$2a$10$47RfwcsRtTX79IqQ6DVBUuqlwn9qboHCp9L9eg7pnFvErla7C399G','Ismael','Correa','fakeEmail@cognizant.com','USER',true)
INSERT INTO User (id,username, password,f_Name,l_Name,email,role,is_enabled) VALUES(10006l,'bKelly','$2a$10$Mb5mlK/7nZ6ENwHt9kBgEu10oqCf3nlRQURcCfwY4xXuBOCs8lMnq','Brian','Kelly','fakeEmail1@cognizant.com','ADMIN',true)
INSERT INTO User (id,username, password,f_Name,l_Name,email,role,is_enabled) VALUES(10007l,'mHassan','$2a$10$yEs8xS0tvKv13MrM3lchQe5lQ22ZI.gVDpI.TntEDqC.2RfaTr/ne','Mohamed','Hassan','fakeEmail1@cognizant.com','ADMIN',true)



insert into Hotel (HOTEL_ID, hotel_Name, state, city, amenities)  values(1l, 'Russel Erksine', 'Alabama', 'Huntsville', 'Pool, Parking, Free Wifi, Pet-Friendly, Laundry Services')
insert into Hotel (HOTEL_ID, hotel_Name, state, city, amenities)  values(2l, 'Bergmann', 'Alaska', 'Juneau', 'Pool, Parking, Free Wifi, Pet-Friendly, Laundry Services')
insert into Hotel (HOTEL_ID, hotel_Name, state, city, amenities)  values(3l, 'Cochise', 'Arizona', 'Phoenix', 'Pool, Parking, Free Wifi, Pet-Friendly, Laundry Services')
insert into Hotel (HOTEL_ID, hotel_Name, state, city, amenities)  values(4l, 'Anthony House', 'Arkansas', 'Little Rock', 'Pool, Parking, Free Wifi, Pet-Friendly, Laundry Services')
insert into Hotel (HOTEL_ID, hotel_Name, state, city, amenities)  values(5l, 'Ahwahnee', 'California', 'Yosemite Valley', 'Pool, Parking, Free Wifi, Pet-Friendly, Laundry Services')
insert into Hotel (HOTEL_ID, hotel_Name, state, city, amenities)  values(6l, 'Antlers Hilton', 'Colorado', 'Bailey', 'Pool, Parking, Free Wifi, Pet-Friendly, Laundry Services')
insert into Hotel (HOTEL_ID, hotel_Name, state, city, amenities)  values(7l, 'Astor House', 'Colorado', 'Denver', 'Pool, Parking, Free Wifi, Pet-Friendly, Laundry Services')
insert into Hotel (HOTEL_ID, hotel_Name, state, city, amenities)  values(8l, 'Teller House', 'Colorado', 'Boulder', 'Pool, Parking, Free Wifi, Pet-Friendly, Laundry Services')
insert into Hotel (HOTEL_ID, hotel_Name, state, city, amenities)  values(9l, 'Cadilac', 'Florida', 'Miami', 'Pool, Parking, Free Wifi, Pet-Friendly, Laundry Services')
insert into Hotel (HOTEL_ID, hotel_Name, state, city, amenities)  values(10l, 'Marriotts Grande Vista', 'Florida', 'Orlando', 'Pool, Parking, Free Wifi, Pet-Friendly, Laundry Services')
insert into Hotel (HOTEL_ID, hotel_Name, state, city, amenities)  values(11l, 'Aqua', 'Illinois', 'Chicago', 'Pool, Parking, Free Wifi, Pet-Friendly, Laundry Services')
insert into Hotel (HOTEL_ID, hotel_Name, state, city, amenities)  values(12l, 'Hilton Chicago', 'Illinois', 'Chicago', 'Pool, Parking, Free Wifi, Pet-Friendly, Laundry Services')
insert into Hotel (HOTEL_ID, hotel_Name, state, city, amenities)  values(13l, 'Belvedere', 'Maryland', 'Baltimore', 'Pool, Parking, Free Wifi, Pet-Friendly, Laundry Services')
insert into Hotel (HOTEL_ID, hotel_Name, state, city, amenities)  values(14l, 'Four Seasons', 'Maryland', 'Baltimore', 'Pool, Parking, Free Wifi, Pet-Friendly, Laundry Services')
insert into Hotel (HOTEL_ID, hotel_Name, state, city, amenities)  values(15l, 'Deer Park', 'Maryland', 'Baltimore', 'Pool, Parking, Free Wifi, Pet-Friendly, Laundry Services')
insert into Hotel (HOTEL_ID, hotel_Name, state, city, amenities)  values(16l, 'The Old Inn', 'Maryland', 'Annapolis', 'Pool, Parking, Free Wifi, Pet-Friendly, Laundry Services')
insert into Hotel (HOTEL_ID, hotel_Name, state, city, amenities)  values(17l, 'Aladdin', 'Nevada', 'Las Vegas', 'Pool, Parking, Free Wifi, Pet-Friendly, Laundry Services')
insert into Hotel (HOTEL_ID, hotel_Name, state, city, amenities)  values(18l, 'Excalibur', 'Nevada', 'Las Vegas', 'Pool, Parking, Free Wifi, Pet-Friendly, Laundry Services')
insert into Hotel (HOTEL_ID, hotel_Name, state, city, amenities)  values(19l, 'Circus Circus', 'Nevada', 'Las Vegas', 'Pool, Parking, Free Wifi, Pet-Friendly, Laundry Services')
insert into Hotel (HOTEL_ID, hotel_Name, state, city, amenities)  values(20l, 'Continental', 'Nevada', 'Las Vegas', 'Pool, Parking, Free Wifi, Pet-Friendly, Laundry Services')
insert into Experience (exp_Id,user_Id, hotel_Id, hotel_Ref, rating, stay_Date, comment) values (1l, 10001l, 1l, 1l, 4, '12/12/2002', 'the stay was pog champ')
insert into Experience (exp_Id,user_Id, hotel_Id, hotel_Ref, rating, stay_Date, comment) values (21l, 10001l, 1l, 1l, 4, '12/12/2002', 'Wonderful stay here!')
insert into Experience (exp_Id,user_Id, hotel_Id, hotel_Ref, rating, stay_Date, comment) values (2l, 10001l, 2l, 2l, 1, '01/12/2010', 'the stay was pog champ')
insert into Experience (exp_Id,user_Id, hotel_Id, hotel_Ref, rating, stay_Date, comment) values (3l, 10002l, 3l, 3l, 2, '03/12/2021', 'the stay was pog champ')
insert into Experience (exp_Id,user_Id, hotel_Id, hotel_Ref, rating, stay_Date, comment) values (4l, 10003l, 4l, 4l, 3, '06/20/2009', 'the stay was pog champ')
insert into Experience (exp_Id,user_Id, hotel_Id, hotel_Ref, rating, stay_Date, comment) values (5l, 10003l, 5l, 5l, 3, '09/09/1776', 'the stay was pog champ')
insert into Experience (exp_Id,user_Id, hotel_Id, hotel_Ref, rating, stay_Date, comment) values (6l, 10004l, 6l, 6l, 3, '10/02/2012', 'the stay was pog champ')
insert into Experience (exp_Id,user_Id, hotel_Id, hotel_Ref, rating, stay_Date, comment) values (7l, 10004l, 7l, 7l, 3, '11/04/1999', 'the stay was pog champ')
insert into Experience (exp_Id,user_Id, hotel_Id, hotel_Ref, rating, stay_Date, comment) values (8l, 10003l, 8l, 8l, 3, '12/05/2001', 'the stay was pog champ')
insert into Experience (exp_Id,user_Id, hotel_Id, hotel_Ref, rating, stay_Date, comment) values (9l, 10004l, 9l, 9l, 3, '04/08/2002', 'the stay was pog champ')
insert into Experience (exp_Id,user_Id, hotel_Id, hotel_Ref, rating, stay_Date, comment) values (10l, 10002l, 10l, 10l, 2, '05/10/2003', 'the stay was pog champ')
insert into Experience (exp_Id,user_Id, hotel_Id, hotel_Ref, rating, stay_Date, comment) values (11l, 10003l, 11l, 11l, 1, '07/17/2004', 'the stay was pog champ')
insert into Experience (exp_Id,user_Id, hotel_Id, hotel_Ref, rating, stay_Date, comment) values (12l, 10004l, 12l, 12l, 4, '09/22/2005', 'the stay was pog champ')
insert into Experience (exp_Id,user_Id, hotel_Id, hotel_Ref, rating, stay_Date, comment) values (13l, 10002l, 13l, 13l, 5, '10/26/2006', 'the stay was pog champ')
insert into Experience (exp_Id,user_Id, hotel_Id, hotel_Ref, rating, stay_Date, comment) values (14l, 10004l, 14l, 14l, 3, '04/14/2007', 'the stay was pog champ')
insert into Experience (exp_Id,user_Id, hotel_Id, hotel_Ref, rating, stay_Date, comment) values (15l, 10001l, 15l, 15l, 3, '03/08/2008', 'the stay was pog champ')
insert into Experience (exp_Id,user_Id, hotel_Id, hotel_Ref, rating, stay_Date, comment) values (16l, 10004l, 16l, 16l, 2, '02/01/2009', 'the stay was pog champ')
insert into Experience (exp_Id,user_Id, hotel_Id, hotel_Ref, rating, stay_Date, comment) values (17l, 10003l, 17l, 17l, 1, '11/02/2010', 'the stay was pog champ')
insert into Experience (exp_Id,user_Id, hotel_Id, hotel_Ref, rating, stay_Date, comment) values (18l, 10001l, 18l, 18l, 5, '12/08/2012', 'the stay was pog champ')
insert into Experience (exp_Id,user_Id, hotel_Id, hotel_Ref, rating, stay_Date, comment) values (19l, 10001l, 18l, 18l, 5, '09/11/2012', 'the stay was pog champ')
insert into Experience (exp_Id,user_Id, hotel_Id, hotel_Ref, rating, stay_Date, comment) values (20l, 10001l, 18l, 18l, 5, '08/17/2012', 'the stay was pog champ')

insert into Trip (trip_Id, check_In, check_Out, room) values (1l, '12/01/2012', '12/05/2012', 'Single')
